ClassID,Subcategory,Category,Type
1,Sponge Cake,Cake or Tart,Dessert
2,Filo and Honey,Pastry,Dessert
3,Biscuit,Cookie,Dessert
4,Choux Pastry,Pastry,Dessert
5,Bread Pudding,Pudding,Dessert
6,Breads,Breads,Main
7,Mousse Cake,Cake or Tart,Dessert
8,None,Square or Bar,Dessert
9,None,Cake or Tart,Dessert
10,Yeast-leavened Dough,Bun,Dessert
11,Layer Cake,Cake or Tart,Dessert
12,Custard or Cream,Cake or Tart,Dessert
13,Cupcake,Cake or Tart,Dessert
14,None,Cookie,Dessert
15,None,None,Dessert
16,None,Confectionery,Dessert
17,Fruit Filled,Cake or Tart,Dessert
18,Fruitcake,Cake or Tart,Dessert
19,Puff Pastry,Cake or Tart,Dessert
20,None,Muffin,Dessert
21,None,Pie,Dessert
22,Upsidedown,Cake or Tart,Dessert
23,Savoury Pie,Pie,Main
